Date,atlanta,boston,chicago,cleveland,dallas,kansas_city,minneapolis,new_york,philadelphia,richmond,san_francisco,st_louis,national_summary,SPX1D,SPX3D,SPX7D,SPX14D
2013-01-16,"0.5, 0.5, 0.5, 0.5, 0.5","0.5, 0.5, 0.5, 0.5, 0.5","0.5, 0.5, 0.5, 0.5, 0.5","0.5, 0.0, 0.5, 0.5, 0.0","0.5, 0.5, 0.5, 0.5, 0.5","0.5, 0.0, 0.5, 0.5, 0.5","0.5, 0.5, 0.5, 0.5, 0.5","0.5, 0.5, 0.5, 0.5, 0.5","0.5, 0.5, 0.5, 0.5, 1.0","0.5, 0.0, 0.5, 0.5, 0.5","0.5, 0.5, 0.5, 0.5, 0.5","0.5, 0.5, 0.5, 0.5, 0.5","0.5, 0.5, 0.5, 0.5, 0.5",8.309999999999945,19.929999999999836,27.549999999999955,39.48999999999978
2013-03-06,"0.5, 0.5, 0.5, 0.5, 0.5","0.5, 0.5, 0.5, 0.5, 0.5","0.5, 0.5, 0.5, 0.5, 0.5","0.5, 0.5, 0.5, 0.5, 0.5","0.5, 0.5, 1.0, 0.5, 0.5","0.5, 0.0, 0.5, 0.5, 0.5","0.5, 0.5, 0.5, 0.5, 0.5","0.5, 0.5, 1.0, 0.5, 0.5","0.5, 0.0, 0.5, 0.5, 0.5","0.5, 0.5, 0.5, 0.5, 0.5","0.5, 0.5, 0.5, 0.5, 0.5","0.5, 0.5, 1.0, 0.5, 1.0","0.5, 0.5, 0.5, 0.5, 0.5",2.7999999999999545,14.759999999999991,19.24000000000001,22.309999999999945
2013-04-17,"0.5, 0.5, 1.0, 0.5, 1.0","0.5, 0.5, 0.5, 0.5, 0.5","0.5, 0.5, 0.5, 0.5, 0.5","0.5, 0.5, 0.5, 0.5, 0.5","0.5, 0.5, 1.0, 0.5, 0.5","0.5, 0.5, 1.0, 0.5, 0.5","0.5, 0.5, 1.0, 0.5, 1.0","0.5, 0.5, 1.0, 0.5, 1.0","0.5, 0.5, 0.5, 0.5, 0.5","0.5, 0.0, 0.5, 0.5, 0.5","0.5, 0.5, 0.5, 0.5, 0.5","0.5, 0.5, 0.5, 0.5, 1.0","0.5, 0.5, 1.0, 0.5, 1.0",-10.400000000000091,10.490000000000009,30.230000000000018,73.95000000000005
2013-06-05,"0.5, 0.5, 1.0, 0.5, 1.0","0.5, 0.5, 0.5, 0.5, 0.5","0.5, 0.5, 0.5, 0.5, 0.5","0.5, 0.5, 0.5, 0.5, 0.5","0.5, 0.5, 1.0, 0.5, 0.5","0.5, 0.5, 1.0, 0.5, 1.0","0.5, 0.5, 0.5, 0.5, 0.5","0.5, 0.5, 1.0, 0.5, 1.0","0.5, 0.5, 0.5, 0.5, 0.5","0.5, 0.5, 0.5, 0.5, 0.5","0.5, 0.0, 0.5, 0.5, 0.5","0.5, 0.5, 1.0, 0.5, 0.5","0.5, 0.5, 1.0, 0.5, 0.5",13.659999999999854,33.909999999999854,17.829999999999927,-20.87000000000012
2013-07-17,"0.5, 0.5, 1.0, 0.5, 0.5","0.5, 0.5, 0.5, 0.5, 1.0","0.5, 0.5, 0.5, 0.5, 0.5","0.5, 0.5, 0.5, 0.5, 0.5","0.5, 0.5, 1.0, 0.5, 0.5","0.5, 0.5, 0.5, 0.5, 0.5","0.5, 0.5, 0.5, 0.5, 0.5","0.5, 0.5, 0.5, 0.5, 1.0","0.5, 0.5, 0.5, 0.5, 0.5","0.5, 0.5, 1.0, 0.5, 0.5","0.5, 0.5, 0.5, 0.5, 1.0","0.5, 0.5, 0.5, 0.5, 0.5","0.5, 0.5, 1.0, 0.5, 1.0",8.459999999999809,14.61999999999989,10.740000000000009,16.45999999999981
2013-09-04,"0.5, 0.5, 0.5, 0.5, 0.5","0.5, 0.5, 0.5, 0.5, 0.5","0.5, 0.5, 0.5, 0.5, 0.5","0.5, 0.5, 0.5, 0.5, 0.5","0.5, 0.5, 0.5, 0.5, 1.0","0.5, 0.5, 1.0, 0.5, 0.5","0.5, 0.5, 0.5, 0.5, 0.5","0.5, 0.5, 1.0, 0.5, 0.5","0.5, 0.5, 0.5, 0.5, 0.5","0.5, 0.5, 0.5, 0.5, 0.5","0.5, 0.5, 0.5, 0.5, 1.0","0.5, 0.5, 1.0, 0.5, 0.5","0.5, 0.5, 1.0, 0.5, 1.0",2.0,18.63000000000011,34.91000000000008,44.340000000000146
2013-10-16,"0.5, 0.5, 0.5, 0.5, 0.5","0.5, 0.5, 0.5, 0.5, 0.5","0.5, 0.0, 0.5, -0.5, 0.0","0.5, 0.5, 0.5, 0.5, 0.5","0.5, 0.5, 1.0, 0.5, 0.5","0.5, 0.5, 0.5, 0.5, 0.5","0.5, 0.5, 0.5, 0.5, 0.5","0.5, 0.5, 0.5, 0.5, 0.5","0.5, 0.5, 0.5, 0.5, 0.0","0.5, 0.5, 0.5, 0.5, 0.5","0.5, 0.5, 0.5, 0.5, 0.5","0.5, 0.5, 0.5, 0.5, 0.5","0.5, 0.5, 0.5, 0.5, 0.5",11.610000000000127,23.12000000000012,38.23000000000002,41.430000000000064
2013-12-04,"0.5, 0.5, 0.5, 0.5, 0.5","0.5, 0.5, 1.0, 0.5, 0.5","0.5, 0.5, 0.5, 0.5, 0.0","0.5, 0.5, 0.5, 0.5, 0.5","0.5, 0.5, 0.5, 0.5, 0.5","0.5, 0.5, 0.5, 0.5, 0.5","0.5, 0.5, 0.5, 0.5, 1.0","0.5, 0.5, 0.5, 0.5, 0.5","0.5, 0.5, 0.5, 0.5, 0.0","0.5, 0.5, 0.5, 0.5, 0.5","0.5, 0.5, 0.5, 0.5, 0.5","0.5, 0.5, 1.0, 0.5, 1.0","0.5, 0.5, 1.0, 0.5, 0.5",-7.779999999999973,15.559999999999945,-17.49000000000001,40.50999999999999
2014-01-15,"0.5, 0.5, 0.5, 0.5, 0.5","0.5, 0.5, 1.0, 0.5, 1.0","0.5, 0.5, 1.0, 0.5, 1.0","0.5, 0.5, 1.0, 0.5, 1.0","0.5, 0.5, 1.0, 0.5, 1.0","0.5, 0.0, 0.5, 0.5, 0.0","0.5, 0.5, 0.5, 0.5, 1.0","0.5, 0.0, 0.5, 0.5, 0.5","0.5, 0.0, 0.5, 0.5, 0.5","0.5, 0.0, 0.5, 0.5, 0.5","0.5, 0.5, 1.0, 0.5, 1.0","0.5, 0.5, 0.5, 0.5, 1.0","0.5, 0.5, 1.0, 0.5, 1.0",-2.490000000000009,-4.580000000000155,-66.82000000000016,-96.74000000000001
2014-03-05,"0.5, 0.0, 0.5, 0.5, 0.5","0.5, 0.0, 0.5, 0.5, 0.5","0.5, 0.0, 0.5, 0.5, 0.0","0.5, 0.0, 0.5, 0.5, 0.5","0.5, 0.5, 1.0, 0.5, 0.5","0.5, 0.0, 0.5, 0.5, 0.5","0.5, 0.5, 0.5, 0.5, 0.5","0.5, 0.0, 0.0, -0.5, 0.5","-0.5, 0.0, 0.0, 0.0, 0.0","0.5, 0.5, 0.5, 0.5, 0.5","0.5, 0.0, 0.5, 0.5, 0.5","0.5, 0.5, 0.5, 0.5, 0.5","0.5, 0.5, 0.5, 0.5, 0.5",3.2200000000000273,3.3600000000001273,-32.679999999999836,-8.190000000000055
2014-04-16,"0.5, 0.5, 0.5, 0.5, 0.5","0.5, 0.5, 0.5, 0.5, 0.5","0.5, 0.5, 0.5, 0.5, 0.5","-0.5, 0.0, 0.5, -0.5, 0.0","0.5, 0.5, 1.0, 0.5, 0.5","0.5, 0.5, 1.0, 0.5, 1.0","0.5, 0.5, 0.5, 0.5, 0.5","0.5, 0.5, 1.0, 0.5, 0.5","0.5, 0.5, 1.0, 0.5, 1.0","0.5, 0.0, 0.5, 0.5, 0.5","0.5, 0.5, 0.5, 0.5, 0.5","-0.5, 0.0, -0.5, -0.5, 0.0","0.5, 0.5, 1.0, 0.5, 0.5",2.5399999999999636,17.24000000000001,7.120000000000118,15.900000000000091
2014-06-04,"0.5, 0.5, 1.0, 0.5, 1.0","0.5, 0.0, 0.5, 0.5, 0.5","0.5, 0.5, 0.5, 0.5, 0.5","0.5, 0.5, 0.5, 0.5, 0.5","0.5, 0.5, 1.0, 0.5, 1.0","0.5, 0.5, 1.0, 0.5, 1.0","0.5, 0.5, 0.5, 0.5, 1.0","0.5, 0.5, 1.0, 0.5, 1.0","0.5, 0.0, 0.5, 0.5, 0.5","0.5, 0.5, 1.0, 0.5, 0.5","0.5, 0.5, 0.5, 0.5, 0.5","0.5, 0.5, 0.5, 0.5, 0.5","0.5, 0.5, 1.0, 0.5, 0.5",12.579999999999927,23.389999999999873,8.279999999999973,22.09999999999991
2014-07-16,"0.5, 0.5, 1.0, 0.5, 1.0","0.5, 0.0, 0.5, 0.5, 0.0","0.5, 0.5, 0.5, 0.5, 1.0","0.5, 0.5, 0.5, 0.5, 0.5","0.5, 0.5, 1.0, 0.5, 0.5","0.5, 0.5, 1.0, 0.5, 1.0","0.5, 0.5, 0.5, 0.5, 1.0","0.5, 0.5, 1.0, 0.5, 0.5","0.5, 0.5, 0.5, 0.5, 0.5","0.5, 0.5, 0.5, 0.5, 0.5","0.5, 0.5, 0.5, 0.5, 0.5","0.5, 0.0, 0.5, 0.5, 0.5","0.5, 0.5, 1.0, 0.5, 1.0",-23.450000000000045,-7.939999999999827,-3.230000000000018,-61.3599999999999
2014-09-03,"0.5, 0.5, 0.5, 0.5, 1.0","0.5, 0.5, 0.5, 0.5, 0.5","0.5, 0.5, 1.0, 0.5, 1.0","0.5, 0.5, 1.0, 0.5, 0.5","0.5, 0.5, 1.0, 0.5, 1.0","0.5, 0.5, 0.5, 0.5, 0.5","0.5, 0.5, 0.5, 0.5, 0.5","0.5, 0.0, 0.5, 0.5, 0.5","0.5, 0.5, 0.5, 0.5, 1.0","0.5, 0.5, 1.0, 0.5, 0.5","0.5, 0.5, 0.5, 0.5, 0.5","0.5, 0.0, 0.5, 0.5, 0.5","0.5, 0.5, 1.0, 0.5, 0.5",-3.0699999999999363,0.8199999999999363,-15.180000000000064,-17.950000000000045
2014-10-15,"0.5, 0.5, 1.0, 0.5, 0.5","0.5, 0.5, 0.5, 0.5, 0.5","0.5, 0.5, 1.0, 0.5, 0.5","0.5, 0.5, 1.0, 0.5, 0.5","0.5, 0.5, 1.0, 0.5, 1.0","0.5, 0.5, 0.5, 0.5, 0.5","0.5, 0.5, 0.5, 0.5, 0.5","0.5, 0.0, 0.5, 0.5, 0.0","0.5, 0.5, 0.5, 0.5, 0.5","0.5, 0.5, 0.5, 0.5, 0.5","0.5, 0.5, 0.5, 0.5, 0.5","0.5, 0.5, 0.5, 0.5, 0.5","0.5, 0.0, 0.5, 0.5, 0.5",0.2699999999999818,41.51999999999998,102.08999999999992,149.6099999999999
2014-12-03,"0.5, 0.5, 1.0, 0.5, 0.5","0.5, 0.5, 1.0, 0.5, 0.5","0.5, 0.5, 0.5, 0.5, 0.5","0.5, 0.5, 0.5, 0.5, 0.5","0.5, 0.5, 1.0, 0.5, 0.5","0.5, 0.0, 0.5, 0.5, 0.5","0.5, 0.5, 1.0, 0.5, 1.0","0.5, 0.5, 0.5, 0.5, 0.5","0.5, 0.5, 0.5, 0.5, 0.5","0.5, 0.5, 0.5, 0.5, 0.5","0.5, 0.5, 0.5, 0.5, 1.0","0.5, 0.0, 0.5, 0.5, 0.5","0.5, 0.5, 1.0, 0.5, 1.0",-2.4099999999998545,-14.019999999999982,-72.0,7.8400000000001455
2015-01-14,"0.5, 0.5, 1.0, 0.5, 0.5","0.5, 0.5, 1.0, 0.5, 1.0","0.5, 0.5, 0.5, 0.5, 0.5","0.5, 0.5, 1.0, 0.5, 0.5","0.5, 0.0, 0.5, 0.5, 0.5","0.5, 0.0, 0.5, 0.5, 0.5","0.5, 0.5, 0.5, 0.5, 0.5","0.5, 0.0, 0.5, 0.5, 0.5","0.5, 0.0, 0.5, 0.5, 0.5","0.5, 0.0, 0.5, 0.5, 0.5","0.5, 0.5, 0.5, 0.5, 1.0","0.5, 0.5, 0.5, 0.5, 0.5","0.5, 0.5, 0.5, 0.5, 0.5",-18.59999999999991,11.279999999999973,45.820000000000164,30.24000000000001
2015-03-04,"0.5, 0.5, 1.0, 0.5, 0.5","0.5, 0.5, 1.0, 0.5, 0.5","0.5, 0.5, 0.5, 0.5, 0.5","0.5, 0.5, 0.5, 0.5, 0.5","0.5, 0.0, 0.5, 0.5, 0.5","0.5, 0.0, 0.5, 0.5, 0.5","0.5, 0.0, 0.5, 0.5, 0.5","0.5, 0.5, 1.0, 0.5, 0.5","0.5, 0.5, 0.5, 0.5, 0.5","0.5, 0.5, 0.5, -0.5, 0.5","0.5, 0.5, 0.5, 0.5, 0.5","0.5, 0.5, 0.5, 0.5, 0.5","0.5, 0.5, 1.0, 0.5, 0.5",2.5099999999997635,-19.100000000000364,-45.13000000000011,-7.0300000000002
2015-04-15,"0.5, 0.5, 1.0, 0.5, 0.5","0.5, 0.5, 0.5, 0.5, 0.5","0.5, 0.5, 0.5, 0.5, 0.5","0.5, 0.0, 0.5, -0.5, 0.0","0.5, 0.0, 0.5, 0.5, 0.5","0.5, 0.0, 0.5, -0.5, 0.5","0.5, 0.0, 0.5, 0.5, 0.5","0.5, 0.0, 0.5, 0.5, 0.5","0.5, 0.0, 0.5, 0.5, 0.5","0.5, 0.5, 0.5, 0.5, 0.5","0.5, 0.5, 0.5, 0.5, 1.0","0.5, 0.0, 0.5, 0.5, 0.5","0.5, 0.5, 0.5, 0.5, 0.5",-1.6400000000003274,-6.230000000000018,11.059999999999945,-17.170000000000073
2015-06-03,"0.5, 0.5, 1.0, 0.5, 0.5","0.5, 0.0, 0.5, 0.5, 0.5","0.5, 0.5, 0.5, 0.5, 0.5","0.5, 0.0, 0.5, 0.5, 0.5","0.5, 0.0, 0.5, 0.5, 0.5","0.5, 0.0, 0.5, 0.5, 0.5","0.5, 0.0, 0.5, 0.5, 0.5","0.5, 0.0, 0.5, 0.5, 0.5","0.5, 0.5, 0.5, 0.5, 0.5","0.5, 0.5, 0.5, 0.5, 0.5","0.5, 0.0, 0.5, 0.5, 0.5","0.5, 0.5, 0.5, 0.5, 0.5","0.5, 0.5, 0.5, 0.5, 0.5",-18.230000000000018,-34.789999999999964,-19.960000000000036,10.129999999999654
2015-07-15,"0.5, 0.5, 1.0, 0.5, 0.5","0.5, 0.5, 1.0, 0.5, 1.0","0.5, 0.0, 0.5, 0.5, 0.5","0.5, 0.0, 0.5, 0.5, 0.0","0.5, 0.5, 0.5, 0.5, 0.5","0.5, 0.5, 0.5, 0.5, 1.0","0.5, 0.5, 0.5, 0.5, 0.5","0.5, 0.0, 0.5, 0.5, 0.0","0.5, 0.0, 0.5, 0.5, 0.5","0.5, 0.5, 1.0, 0.5, 0.5","0.5, 0.5, 1.0, 0.5, 0.5","0.5, 0.5, 0.5, 0.5, 0.5","0.5, 0.5, 1.0, 0.5, 1.0",16.889999999999873,20.88000000000011,-27.75,-14.079999999999927
2015-09-02,"0.5, 0.5, 1.0, 0.5, 1.0","0.5, 0.5, 0.5, 0.5, 0.5","0.5, 0.5, 0.5, 0.5, 0.5","0.5, 0.0, 0.5, 0.5, 0.5","0.5, 0.0, 0.5, 0.5, 0.5","0.5, 0.0, 0.5, 0.5, 0.5","0.5, 0.5, 0.5, 0.5, 0.5","0.5, 0.5, 0.5, 0.5, 0.5","0.5, 0.0, 0.5, 0.5, 0.5","0.5, 0.5, 1.0, 0.5, 0.5","0.5, 0.5, 0.5, 0.5, 0.5","0.5, 0.0, 0.5, 0.5, 0.5","0.5, 0.5, 1.0, 0.5, 0.5",2.270000000000209,20.550000000000182,4.170000000000073,-10.099999999999909
2015-10-14,"0.5, 0.5, 0.5, 0.5, 0.5","0.5, 0.5, 0.5, 0.5, 0.5","0.0, 0.0, 0.5, 0.5, 0.0","0.5, 0.0, 0.5, 0.5, 0.5","0.5, 0.0, 0.5, 0.5, 0.5","-0.5, 0.0, 0.0, -0.5, 0.5","0.5, 0.0, 0.5, 0.5, 0.5","0.5, 0.0, 0.5, 0.5, 0.5","0.5, 0.0, 0.5, 0.5, 0.5","0.5, 0.0, 0.5, -0.5, 0.5","0.5, 0.5, 0.5, 0.5, 0.5","0.5, 0.0, 0.5, 0.5, 0.5","0.5, 0.0, 0.5, 0.5, 0.5",29.61999999999989,39.42000000000007,80.91000000000008,115.54999999999995
2015-12-02,"0.5, 0.5, 1.0, 0.5, 0.5","0.5, 0.5, 0.5, -0.5, 0.5","0.5, 0.0, 0.5, 0.5, 0.5","0.5, 0.0, 0.5, 0.5, 0.5","0.5, 0.0, 0.5, 0.5, 0.5","0.5, 0.0, 0.5, 0.5, 0.5","0.5, 0.0, 0.5, 0.5, 0.5","0.0, 0.0, 0.5, -0.5, 0.5","0.5, 0.0, 0.5, 0.5, 0.5","0.5, 0.5, 0.5, 0.5, 0.5","0.5, 0.5, 0.5, 0.5, 0.5","0.5, 0.5, 0.5, 0.5, 0.5","0.5, 0.5, 0.5, 0.5, 0.5",-29.890000000000327,-2.4400000000000546,-67.14000000000033,-40.54000000000019
2016-01-13,"0.5, 0.5, 0.5, 0.5, 0.5","0.5, 0.5, 1.0, 0.5, 1.0","0.5, 0.0, 0.5, 0.5, 0.5","0.5, 0.0, 0.5, 0.5, 0.5","0.5, 0.0, 0.5, 0.5, 0.5","0.0, 0.0, 0.5, -0.5, 0.0","0.5, 0.5, 0.5, 0.5, 0.5","-0.5, 0.0, 0.0, -0.5, 0.5","0.5, 0.0, 0.5, 0.5, 0.5","0.5, 0.5, 0.5, 0.5, 0.5","0.5, 0.0, 0.5, 0.5, 0.5","0.5, 0.5, 0.5, 0.5, 0.5","0.5, 0.0, 0.5, 0.5, 0.5",31.559999999999945,-8.950000000000045,-13.200000000000045,22.25
2016-03-02,"0.5, 0.5, 0.5, 0.5, 1.0","0.5, 0.0, 0.5, 0.5, 0.5","0.5, 0.0, 0.5, -0.5, 0.5","0.5, 0.0, 0.5, 0.5, 0.5","-0.5, -0.5, 0.0, -0.5, 0.0","-0.5, -0.5, -0.5, -0.5, 0.0","0.5, 0.0, 1.0, 0.5, 0.5","-0.5, -0.5, 0.5, -0.5, 0.0","0.0, 0.0, 0.5, -0.5, 0.0","0.5, 0.0, 0.5, 0.5, 0.5","0.5, 0.0, 0.5, 0.5, 0.5","0.5, 0.0, 0.5, 0.5, 0.0","0.5, 0.5, 0.5, 0.5, 0.5",6.9500000000000455,15.309999999999945,35.74000000000001,63.350000000000136
2016-04-13,"0.5, 0.5, 1.0, 0.5, 1.0","0.5, 0.5, 1.0, 0.5, 1.0","0.5, 0.5, 0.5, 0.5, 0.5","0.5, 0.0, 0.5, 0.5, 0.5","0.5, 0.0, 0.5, -0.5, 0.5","0.5, 0.0, 0.5, 0.5, 0.5","0.5, 0.5, 0.5, 0.5, 0.5","0.5, 0.5, 0.5, 0.5, 0.5","0.5, 0.5, 0.5, 0.5, 0.5","0.5, 0.5, 1.0, 0.5, 0.5","0.5, 0.5, 0.5, 0.5, 1.0","0.5, 0.5, 0.5, 0.5, 0.5","0.5, 0.5, 1.0, 0.5, 0.5",0.36000000000012733,11.920000000000073,9.159999999999854,-19.050000000000182
2016-06-01,"0.5, 0.5, 0.5, 0.5, 0.5","0.5, 0.5, 1.0, 0.5, 1.0","0.5, 0.0, 0.5, 0.5, 0.0","0.5, 0.0, 0.5, 0.5, 0.5","0.5, 0.0, 0.5, 0.5, 0.5","0.0, -0.5, 0.5, -0.5, 0.0","0.5, 0.0, 0.5, 0.5, 0.5","0.0, 0.0, 0.0, -0.5, 0.0","0.5, 0.0, 0.5, 0.5, 0.0","0.5, 0.5, 0.5, 0.5, 0.5","0.5, 0.5, 0.5, 0.5, 0.5","0.5, 0.5, 0.5, 0.5, 0.5","0.5, 0.5, 0.5, 0.5, 0.5",5.930000000000291,10.079999999999927,-3.2599999999997635,-10.429999999999836
2016-07-13,"0.5, 0.0, 0.5, 0.5, 0.5","0.5, 0.0, 0.5, 0.5, 0.5","0.5, 0.0, 0.5, 0.5, 0.5","0.5, 0.0, 0.5, 0.5, 0.0","0.5, 0.0, 0.5, 0.5, 0.5","0.5, 0.5, 1.0, 0.5, 1.0","0.5, 0.5, 0.5, 0.5, 1.0","0.5, 0.0, 0.5, 0.5, 0.5","0.5, 0.5, 0.5, 0.5, 0.5","0.5, 0.0, 0.5, 0.5, 0.5","0.5, 0.5, 0.5, 0.5, 0.5","0.5, 0.5, 0.5, 0.5, 1.0","0.5, 0.5, 0.5, 0.5, 0.5",11.320000000000164,14.460000000000036,22.600000000000364,4.600000000000364
2016-09-07,"0.5, 0.0, 0.5, 0.5, 0.5","0.5, 0.0, 0.5, 0.5, 0.5","0.5, 0.0, 0.5, 0.5, 0.5","0.5, 0.0, 0.5, 0.5, 0.5","0.5, 0.0, 0.5, 0.5, 0.5","0.0, 0.0, 0.5, -0.5, 0.0","0.5, 0.0, 0.5, 0.5, 0.5","0.5, -0.5, 0.5, -0.5, 0.0","0.5, 0.0, 0.5, 0.5, 0.0","0.5, 0.0, 0.5, 0.5, 0.5","0.5, 0.5, 0.5, 0.5, 0.5","0.5, 0.0, 0.5, 0.5, 0.5","0.5, 0.0, 0.5, 0.5, 0.5",-4.859999999999673,-27.11999999999989,-47.0,-26.230000000000018
2016-10-19,"0.5, 0.5, 0.5, 0.5, 0.5","0.5, 0.0, 0.5, 0.5, 0.5","0.5, 0.0, 0.5, 0.5, 0.5","0.5, 0.0, 0.5, 0.5, 0.0","0.5, 0.0, 0.5, 0.5, 0.5","0.5, 0.0, 0.5, 0.5, 0.5","0.5, 0.0, 0.5, 0.5, 0.5","0.0, 0.0, 0.5, -0.5, 0.0","0.5, 0.0, 1.0, 0.5, 0.5","0.5, 0.0, 0.5, 0.5, 0.5","0.5, 0.5, 0.5, 0.5, 0.5","0.5, 0.5, 0.5, 0.5, 0.5","0.5, 0.5, 0.5, 0.5, 0.5",-2.949999999999818,7.039999999999964,-17.88000000000011,-4.730000000000018
2016-11-30,"0.5, 0.5, 0.5, 0.5, 0.5","0.5, 0.5, 0.5, 0.5, 0.5","0.5, 0.0, 0.5, 0.5, 0.0","0.5, 0.0, 0.5, 0.5, 0.5","0.5, 0.0, 0.5, 0.5, 0.5","0.5, 0.0, 0.5, 0.5, 0.5","0.5, 0.0, 0.5, 0.5, 0.5","0.5, 0.0, 0.5, 0.5, 0.0","0.5, 0.5, 0.5, 0.5, 0.5","0.5, 0.0, 0.5, 0.5, 0.0","0.5, 0.5, 0.5, 0.5, 0.5","0.5, 0.5, 0.5, 0.5, 0.5","0.5, 0.5, 0.5, 0.5, 0.5",-7.730000000000018,5.900000000000091,60.720000000000255,71.95000000000027
2017-01-18,"0.5, 0.5, 0.5, 0.5, 0.5","0.5, 0.0, 1.0, 0.5, 1.0","0.5, 0.5, 0.5, 0.5, 1.0","0.5, 0.0, 0.5, 0.5, 0.5","0.5, 0.5, 1.0, 0.5, 1.0","0.5, 0.0, 0.5, 0.5, 0.5","0.5, 0.0, 0.5, 0.5, 0.5","0.5, 0.0, 0.5, 0.5, 0.5","0.5, 0.5, 0.5, 0.5, 0.5","0.5, 0.5, 0.5, 0.5, 0.5","0.5, 0.5, 0.5, 0.5, 0.5","0.5, 0.0, 0.5, 0.5, 0.5","0.5, 0.5, 0.5, 0.5, 0.5",-8.199999999999818,-6.690000000000055,22.800000000000182,21.190000000000055
2017-03-01,"0.5, 0.5, 1.0, 0.5, 0.5","0.5, 0.0, 0.5, 0.5, 0.5","0.5, 0.5, 0.5, 0.5, 0.5","0.5, 0.5, 1.0, 0.5, 0.5","0.5, 0.5, 1.0, 0.5, 1.0","0.5, 0.5, 0.5, 0.5, 0.5","0.5, 0.5, 0.5, 0.5, 0.5","0.5, 0.5, 0.5, 0.5, 0.5","0.5, 0.0, 0.5, 0.5, 0.5","0.5, 0.5, 1.0, 0.5, 0.5","0.5, 0.5, 0.5, 0.5, 0.5","0.5, 0.5, 0.5, 0.5, 0.5","0.5, 0.5, 0.5, 0.5, 0.5",-14.039999999999964,-20.65000000000009,-23.360000000000127,-51.940000000000055
2017-04-19,"0.5, 0.5, 1.0, 0.5, 0.5","0.5, 0.0, 0.5, 0.5, 0.5","0.5, 0.0, 0.5, 0.5, 0.5","0.5, 0.5, 1.0, 0.5, 0.5","0.5, 0.5, 1.0, 0.5, 0.5","0.5, 0.5, 1.0, 0.5, 1.0","0.5, 0.5, 0.5, 0.5, 0.5","0.5, 0.0, 0.5, 0.5, 0.5","0.5, 0.0, 0.5, 0.5, 0.5","0.5, 0.5, 0.5, 0.5, 0.5","0.5, 0.5, 1.0, 0.5, 0.5","0.5, 0.0, 0.5, 0.5, 0.5","0.5, 0.5, 0.5, 0.5, 0.5",17.670000000000073,35.98000000000002,46.029999999999745,58.75
2017-05-31,"0.5, 0.5, 0.5, 0.5, 0.5","0.5, 0.0, 0.5, 0.5, 0.5","0.5, 0.0, 0.5, 0.5, 0.0","0.5, 0.5, 1.0, 0.5, 0.5","0.5, 0.5, 1.0, 0.5, 1.0","0.5, 0.5, 0.5, 0.5, 1.0","0.5, 0.0, 0.5, 0.5, 0.5","0.5, 0.0, 0.5, 0.5, 0.0","0.5, 0.0, 0.5, 0.5, 0.5","0.5, 0.5, 1.0, 0.5, 0.5","0.5, 0.5, 0.5, 0.5, 0.5","0.5, 0.5, 0.5, 0.5, 0.5","0.5, 0.0, 0.5, 0.5, 0.5",18.259999999999764,24.299999999999727,19.9699999999998,25.230000000000018
2017-07-12,"0.5, 0.0, 0.5, 0.5, 0.5","0.5, 0.0, 0.5, 0.5, 0.5","0.5, 0.5, 0.5, 0.5, 0.5","0.5, 0.0, 0.5, 0.5, 0.5","0.5, 0.5, 0.5, 0.5, 0.5","0.5, 0.5, 0.5, 0.5, 0.5","0.5, 0.0, 0.5, 0.5, 0.5","0.5, 0.5, 0.5, 0.5, 0.5","0.5, 0.0, 0.5, 0.5, 0.0","0.5, 0.5, 1.0, 0.5, 1.0","0.5, 0.5, 0.5, 0.5, 0.5","0.5, 0.5, 0.5, 0.5, 0.5","0.5, 0.5, 0.5, 0.5, 0.5",4.579999999999927,15.889999999999873,29.289999999999964,33.09999999999991
2017-09-06,"0.5, 0.0, 0.5, 0.5, 0.5","0.5, 0.0, 0.5, 0.5, 0.5","0.5, 0.0, 0.5, 0.5, 0.0","0.5, 0.5, 0.5, 0.5, 0.5","0.5, 0.5, 0.5, 0.5, 0.5","0.5, 0.0, 0.5, 0.5, 0.5","0.5, 0.5, 0.5, 0.5, 0.5","0.5, 0.5, 0.5, 0.5, 0.5","0.5, 0.0, 0.5, 0.5, 0.5","0.5, 0.5, 0.5, 0.5, 0.5","0.5, 0.5, 0.5, 0.5, 0.5","0.5, 0.0, 0.5, 0.5, 0.5","0.5, 0.5, 0.5, 0.5, 0.5",-0.44000000000005457,22.570000000000164,34.690000000000055,31.300000000000182
2017-10-18,"0.5, 0.0, 0.5, 0.5, 0.5","0.5, 0.0, 1.0, 0.5, 0.5","0.5, 0.0, 0.5, 0.5, 0.5","0.5, 0.5, 0.5, 0.5, 0.5","0.5, 0.5, 1.0, 0.5, 0.5","0.5, 0.0, 0.5, 0.5, 0.5","0.5, 0.0, 0.5, 0.5, 0.5","0.5, 0.0, 0.5, 0.5, 0.5","0.5, 0.0, 0.5, 0.5, 0.5","0.5, 0.5, 0.5, 0.5, 0.5","0.5, 0.5, 0.5, 0.5, 0.5","0.5, 0.0, 0.5, 0.5, 0.5","0.5, 0.5, 0.5, 0.5, 0.5",0.8399999999996908,3.7199999999998,19.809999999999945,29.379999999999654
2017-11-29,"0.5, 0.5, 0.5, 0.5, 0.5","0.5, 0.0, 0.5, 0.5, 0.5","0.5, 0.0, 0.5, 0.5, 0.5","0.5, 0.5, 0.5, 0.5, 0.5","0.5, 0.5, 1.0, 0.5, 0.5","0.5, 0.5, 0.5, 0.5, 0.5","0.5, 0.5, 0.5, 0.5, 0.5","0.5, 0.0, 0.5, 0.5, 0.5","0.5, 0.0, 0.5, 0.5, 0.0","0.5, 0.5, 1.0, 0.5, 0.5","0.5, 0.5, 0.5, 0.5, 1.0","0.5, 0.0, 0.5, 0.5, 0.5","0.5, 0.5, 1.0, 0.5, 0.5",21.509999999999764,13.36999999999989,25.429999999999836,55.399999999999636
2018-01-17,"0.5, 0.5, 0.5, 0.5, 0.5","0.5, 0.0, 0.5, 0.5, 0.5","0.5, 0.5, 1.0, 0.5, 1.0","0.5, 0.5, 1.0, 0.5, 0.5","0.5, 0.5, 1.0, 0.5, 0.5","0.5, 0.0, 0.5, 0.5, 0.5","0.5, 0.5, 0.5, 0.5, 0.5","0.5, 0.0, 0.5, 0.5, 0.5","0.5, 0.0, 0.5, 0.5, 0.5","0.5, 0.5, 1.0, 0.5, 0.5","0.5, 0.5, 0.5, 0.5, 0.5","0.5, 0.5, 0.5, 0.5, 0.5","0.5, 0.5, 1.0, 0.5, 1.0",-4.529999999999745,30.409999999999854,70.30999999999995,-107.42000000000007
2018-03-07,"0.5, 0.5, 0.5, 0.5, 0.5","0.5, 0.5, 1.0, 0.5, 1.0","0.5, 0.0, 0.5, 0.5, 0.5","0.5, 0.5, 1.0, 0.5, 1.0","0.5, 0.5, 1.0, 0.5, 1.0","0.5, 0.5, 0.5, 0.5, 0.5","0.5, 0.5, 0.5, 0.5, 0.5","0.5, 0.0, 0.5, 0.5, 0.0","0.5, 0.0, 0.5, 0.5, 0.0","0.5, 0.5, 0.5, 0.5, 0.5","0.5, 0.5, 0.5, 0.5, 0.5","0.5, 0.0, 0.5, 0.5, 0.5","0.5, 0.5, 1.0, 0.5, 0.5",12.169999999999618,56.2199999999998,25.210000000000036,-114.18000000000029
2018-04-18,"0.5, 0.5, 0.5, 0.5, 0.5","0.5, 0.5, 1.0, 0.5, 1.0","0.5, 0.5, 0.5, 0.5, 0.5","0.5, 0.5, 1.0, 0.5, 0.5","0.5, 0.0, 0.5, 0.5, 0.5","0.5, 0.5, 0.5, 0.5, 0.5","0.5, 0.5, 0.5, 0.5, 0.5","0.5, 0.0, 0.5, 0.5, 0.5","0.5, 0.0, 0.5, 0.5, 0.5","0.5, 0.0, 0.5, 0.5, 0.5","0.5, 0.5, 0.5, 0.5, 0.5","0.5, 0.5, 0.5, 0.5, 1.0","0.5, 0.5, 0.5, 0.5, 0.5",-15.509999999999764,-38.34999999999991,-38.73000000000002,-36.7199999999998
2018-05-30,"0.5, 0.5, 0.5, 0.5, 0.5","0.5, 0.5, 1.0, 0.5, 0.5","0.5, 0.5, 0.5, 0.5, 0.5","0.5, 0.5, 1.0, 0.5, 1.0","0.5, 0.0, 0.5, 0.5, 0.5","0.5, 0.5, 1.0, 0.5, 0.5","0.5, 0.5, 0.5, 0.5, 0.5","0.5, 0.5, 0.5, 0.5, 0.5","0.5, 0.0, 0.5, 0.5, 0.5","0.5, 0.5, 1.0, 0.5, 0.5","0.5, 0.5, 0.5, 0.5, 1.0","0.5, 0.0, 0.5, 0.5, 0.0","0.5, 0.5, 0.5, 0.5, 1.0",-18.740000000000236,22.859999999999673,55.01999999999998,38.57999999999993
2018-07-18,"0.5, 0.5, 0.5, 0.5, 0.5","0.5, 0.5, 1.0, 0.5, 0.5","0.5, 0.0, 0.5, 0.5, 0.5","0.5, 0.5, 1.0, 0.5, 0.5","0.5, 0.5, 0.5, 0.5, 0.5","0.5, 0.5, 1.0, 0.5, 1.0","0.5, 0.5, 0.5, 0.5, 0.5","0.5, 0.5, 0.5, 0.5, 0.5","0.5, 0.0, 0.5, 0.5, 0.5","0.5, 0.5, 0.5, 0.5, 0.5","0.5, 0.5, 0.5, 0.5, 0.5","0.5, 0.0, 0.5, 0.5, 0.5","0.5, 0.5, 0.5, 0.5, 0.5",-11.13000000000011,-8.639999999999873,3.200000000000273,42.82999999999993
2018-09-12,"0.5, 0.5, 1.0, 0.5, 0.5","0.5, 0.5, 1.0, 0.5, 0.5","0.5, 0.5, 0.5, 0.5, 0.5","0.5, 0.5, 1.0, 0.5, 1.0","0.5, 0.5, 0.5, 0.5, 0.5","0.5, 0.0, 0.5, 0.5, 0.5","0.5, 0.5, 1.0, 0.5, 0.5","0.5, 0.0, 0.5, 0.5, 0.5","0.5, 0.0, 0.5, 0.5, 0.5","0.5, 0.5, 0.5, 0.5, 0.5","0.5, 0.5, 0.5, 0.5, 0.5","0.5, 0.0, 0.5, 0.5, 0.5","0.5, 0.5, 0.5, 0.5, 0.5",15.259999999999764,-0.11999999999989086,40.75,34.50999999999976
2018-10-24,"0.5, 0.5, 0.5, 0.5, 0.5","0.5, 0.5, 0.5, 0.5, 1.0","0.5, 0.0, 0.5, 0.5, 0.0","0.5, 0.5, 1.0, 0.5, 0.5","0.5, 0.5, 1.0, 0.5, 0.5","0.5, 0.0, 0.5, 0.5, 0.5","0.5, 0.0, 0.5, 0.5, 0.5","0.5, 0.0, 0.5, 0.5, 0.5","0.5, 0.0, 0.5, 0.5, 0.5","0.5, 0.0, 0.5, 0.5, 0.5","0.5, 0.5, 0.5, 0.5, 0.5","0.5, 0.0, 0.5, 0.5, 0.5","0.5, 0.5, 0.5, 0.5, 0.5",49.470000000000255,-14.849999999999909,66.96000000000004,66.07999999999993
2018-12-05,"0.5, 0.5, 1.0, 0.5, 1.0","0.5, 0.0, 0.5, 0.5, 0.5","0.5, 0.0, 0.5, 0.5, 0.5","0.5, 0.0, 0.5, 0.5, 0.5","-0.5, 0.0, -0.5, -0.5, 0.0","0.5, 0.0, 0.5, 0.5, 0.5","0.5, 0.5, 0.5, 0.5, 0.5","0.5, 0.0, 0.5, 0.5, 0.5","0.5, 0.0, 0.5, 0.5, 0.5","0.5, 0.0, 0.5, 0.5, 0.5","0.5, 0.5, 0.5, 0.5, 1.0","0.5, 0.0, 0.5, 0.5, 0.5","0.5, 0.0, 0.5, 0.5, 0.5",-62.86999999999989,-59.16999999999962,-150.00999999999976,-207.1199999999999
2019-01-16,"0.5, 0.0, 0.5, 0.5, 0.5","0.5, 0.0, 0.5, 0.5, 0.5","0.5, 0.0, 0.5, 0.5, 0.5","0.5, 0.0, 0.5, 0.5, 0.5","-0.5, -0.5, -0.5, -0.5, 0.0","0.5, 0.0, 0.5, 0.5, 0.5","0.5, 0.0, 0.5, 0.5, 0.5","-0.5, 0.0, 0.5, -0.5, 0.0","0.5, 0.0, 0.5, 0.5, 0.5","0.5, 0.5, 0.5, 0.5, 0.5","0.5, 0.0, 0.5, 0.5, 0.5","0.5, 0.5, 0.5, 0.5, 0.5","0.5, 0.5, 0.5, -0.5, 0.5",19.860000000000127,16.800000000000182,27.75,115.51000000000022
2019-03-06,"0.5, 0.0, 0.5, 0.5, 0.5","-0.5, 0.0, 0.5, -0.5, 0.5","0.5, 0.0, 0.5, 0.5, 0.5","0.5, 0.0, 0.5, 0.5, 0.5","0.5, 0.0, 0.5, 0.5, 0.5","0.5, 0.0, 0.5, 0.5, 0.5","0.5, 0.0, 0.5, 0.5, 0.5","0.0, 0.0, 0.5, 0.5, 0.5","0.5, 0.0, 0.5, -0.5, 0.5","0.5, 0.0, 0.5, 0.5, 0.5","0.5, 0.0, 0.5, 0.5, 0.5","0.0, 0.0, 0.5, 0.5, 0.5","0.5, 0.5, 0.5, 0.5, 0.5",-22.519999999999982,11.850000000000364,51.0300000000002,47.01000000000022
2019-04-17,"0.5, 0.5, 0.5, 0.5, 0.5","0.5, 0.0, 0.5, 0.5, 0.5","0.5, 0.0, 0.5, 0.5, 0.5","0.5, 0.0, 0.5, 0.5, 0.5","0.5, 0.5, 0.5, 0.5, 0.5","0.5, 0.5, 0.5, 0.5, 0.5","0.5, 0.0, 0.5, 0.5, 0.5","0.5, 0.0, 0.5, 0.5, 0.5","0.5, 0.0, 0.5, 0.5, 0.5","0.5, 0.5, 0.5, 0.5, 0.5","0.5, 0.0, 0.5, 0.5, 0.5","0.5, 0.5, 0.5, 0.5, 0.5","0.5, 0.5, 0.5, 0.5, 0.5",4.580000000000382,33.23000000000002,42.58000000000038,-21.029999999999745
2019-06-05,"0.5, 0.5, 0.5, 0.5, 0.5","0.5, 0.0, 0.5, 0.5, 0.5","0.0, 0.0, 0.5, 0.5, 0.0","0.5, 0.0, 0.5, 0.5, 0.5","0.5, 0.0, 0.5, -0.5, 0.5","0.5, 0.5, 1.0, 0.5, 0.5","-0.5, 0.0, 0.5, 0.5, 0.5","0.5, 0.0, 0.5, 0.5, 0.5","0.5, 0.0, 0.5, 0.5, 0.5","0.5, 0.0, 0.5, 0.5, 0.0","0.5, 0.5, 0.5, 0.5, 0.5","0.0, 0.0, 0.5, 0.5, -0.5","0.5, 0.5, 0.5, 0.5, 0.5",17.33999999999969,60.57999999999993,60.82999999999993,91.23000000000002
2019-07-17,"0.5, 0.0, 0.5, 0.5, 0.5","0.0, 0.0, 0.0, -0.5, 0.5","0.0, 0.0, 0.5, 0.5, 0.0","0.0, 0.0, 0.5, 0.5, 0.5","0.5, 0.0, 0.5, 0.5, -0.5","0.5, 0.0, 0.5, 0.5, 0.5","0.5, 0.0, 0.5, 0.5, 0.5","-0.5, 0.0, 0.5, -0.5, 0.0","0.5, 0.0, 0.5, 0.5, 0.5","0.5, 0.5, 0.5, 0.5, 0.5","0.5, 0.5, 0.5, 0.5, 0.5","0.5, 0.5, 0.5, 0.5, 0.5","0.5, 0.0, 0.5, 0.5, 0.5",10.690000000000055,0.6100000000001273,41.440000000000055,-102.65000000000009
2019-09-04,"0.0, 0.0, 0.5, -0.5, 0.0","0.5, 0.0, 0.5, 0.5, 0.5","0.0, 0.0, 0.5, 0.5, 0.5","-0.5, 0.0, 0.5, -0.5, 0.5","0.5, 0.0, 0.5, 0.5, 0.0","0.0, 0.0, 0.5, -0.5, 0.5","0.5, 0.0, 0.5, 0.5, 0.5","0.5, 0.0, 0.5, 0.5, 0.5","0.5, 0.0, 0.5, 0.5, 0.5","-0.5, 0.0, 0.5, -0.5, 0.5","0.5, 0.0, 0.5, 0.5, 0.5","-0.5, 0.0, -0.5, -0.5, 0.0","0.5, 0.0, 0.5, -0.5, 0.5",38.2199999999998,40.649999999999636,69.60999999999967,28.81999999999971
2019-10-16,"0.5, 0.0, 0.5, 0.5, 0.5","-0.5, 0.0, 0.0, 0.0, 0.5","0.5, 0.0, 0.5, 0.5, 0.5","0.5, 0.0, 0.5, 0.5, 0.5","0.5, 0.0, 0.5, 0.5, 0.5","0.5, 0.0, 0.5, 0.5, 0.5","0.5, 0.0, 0.5, 0.5, 0.5","-0.5, -0.5, 0.5, 0.0, 0.0","0.5, 0.0, 0.5, 0.5, 0.5","0.5, 0.0, 0.5, 0.5, 0.5","0.5, 0.0, 0.5, 0.5, 0.5","-0.5, 0.0, 0.5, -0.5, 0.5","0.5, 0.0, 0.5, -0.5, 0.5",8.259999999999764,17.029999999999745,32.86000000000013,84.92999999999984
2019-11-27,"0.5, 0.0, 0.5, 0.5, 0.5","0.5, 0.5, 1.0, 0.5, 0.5","0.5, 0.0, 0.5, 0.5, 0.5","0.5, 0.5, 0.5, 0.5, 0.5","0.5, 0.0, 0.5, 0.5, 0.5","-0.5, 0.0, 0.5, -0.5, 0.0","0.5, 0.0, 0.5, 0.5, 0.5","-0.5, -0.5, -0.5, -0.5, 0.0","0.5, 0.0, 0.5, 0.5, 0.5","0.5, 0.0, 0.5, 0.5, 0.5","0.5, 0.5, 0.5, 0.5, 0.5","-0.5, 0.0, 0.5, -0.5, 0.0","0.5, 0.0, 0.5, 0.5, 0.5",-12.650000000000091,-60.43000000000029,-17.670000000000073,37.50999999999976
2021-01-13,"0.5, 0.0, 0.5, 0.5, 0.5","0.5, 0.0, 0.5, 0.5, 0.5","0.5, 0.0, 0.5, 0.5, 0.5","0.5, 0.0, 0.0, 0.0, 0.0","0.5, 0.5, 0.5, 0.5, 0.5","0.5, 0.0, 0.5, 0.5, 0.0","0.5, 0.0, 0.5, 0.5, 0.5","-0.5, -0.5, -0.5, -0.5, -0.5","-0.5, -0.5, -0.5, -0.5, -0.5","0.5, 0.0, 0.5, 0.5, 0.5","0.5, 0.5, 0.5, 0.5, 0.5","0.5, 0.0, 0.5, 0.5, 0.0","0.5, 0.0, 0.5, -0.5, 0.5",-14.300000000000182,-10.930000000000291,45.51999999999998,20.329999999999927
2021-03-03,"0.5, 0.5, 1.0, 0.5, 0.5","0.5, 0.5, 1.0, 0.5, 0.5","0.5, 0.0, 0.5, 0.5, 0.5","0.5, 0.5, 0.5, 0.5, 0.5","0.5, 0.5, 0.5, 0.5, 0.0","0.5, 0.5, 0.5, 0.5, 0.5","0.5, 0.0, 0.5, 0.5, 0.5","0.5, 0.5, 0.5, 0.5, 0.5","0.5, 0.5, 0.5, 0.5, 0.5","0.5, 0.0, 0.5, 0.5, 0.5","0.5, 0.0, 0.5, 0.5, 0.5","0.5, 0.0, 0.5, 0.5, 0.5","0.5, 0.5, 0.5, 0.5, 0.5",-51.25,1.6300000000001091,123.62000000000035,90.80000000000018
2021-04-14,"0.5, 0.5, 0.5, 0.5, 0.5","0.5, 0.5, 0.5, 0.5, 0.5","0.5, 0.5, 0.5, 0.5, 0.5","0.5, 0.5, 1.0, 0.5, 1.0","0.5, 0.5, 1.0, 0.5, 0.5","0.5, 0.5, 1.0, 0.5, 0.5","0.5, 0.5, 1.0, 0.5, 1.0","0.5, 0.5, 1.0, 0.5, 0.5","0.5, 0.5, 1.0, 0.5, 0.5","0.5, 0.5, 1.0, 0.5, 0.5","0.5, 0.5, 0.5, 0.5, 0.5","0.5, 0.5, 1.0, 0.5, 1.0","0.5, 0.5, 1.0, 0.5, 0.5",45.76000000000022,38.600000000000364,55.51000000000022,40.0
2021-06-02,"0.5, 0.5, 1.0, 0.5, 0.5","0.5, 0.5, 1.0, 0.5, 0.5","0.5, 0.5, 1.0, 0.5, 1.0","0.5, 0.5, 1.0, 0.5, -0.5","0.5, 0.5, 1.0, 0.5, 0.5","0.5, 0.5, 1.0, 0.5, 0.5","0.5, 0.5, 1.0, 0.5, 0.5","0.5, 0.5, 1.0, 0.5, 1.0","0.5, 0.5, 0.5, 0.5, 0.5","0.5, 0.5, 1.0, 0.5, 0.5","0.5, 0.5, 1.0, 0.5, 0.5","0.5, 0.5, 1.0, 0.5, 0.5","0.5, 0.5, 1.0, 0.5, 0.5",-15.269999999999527,18.400000000000546,39.31999999999971,38.31999999999971
2021-07-14,"0.5, 0.5, 1.0, 0.5, 0.5","0.5, 0.5, 1.0, 0.5, 0.5","0.5, 0.5, 1.0, 0.5, 0.5","0.5, 0.5, 1.0, 0.5, 0.5","0.5, 0.5, 0.5, 0.5, 0.5","0.5, 0.5, 1.0, 0.5, 1.0","0.5, 0.5, 1.0, 0.5, 0.5","0.5, 0.5, 1.0, 0.5, 0.5","0.5, 0.5, 0.5, 0.5, 0.5","0.5, 0.5, 1.0, 0.5, 1.0","0.5, 0.5, 1.0, 0.5, 0.5","0.5, 0.5, 1.0, 0.5, 0.5","0.5, 0.5, 1.0, 0.5, 0.5",-14.270000000000437,-115.8100000000004,37.48999999999978,48.849999999999454
2021-09-08,"0.5, 0.5, 0.5, 0.5, 0.5","0.5, 0.5, 1.0, 0.5, 0.5","0.5, 0.0, 0.5, 0.5, 0.5","0.5, 0.5, 0.5, 0.5, 0.5","0.5, 0.5, 0.5, 0.5, 0.5","0.5, 0.0, 0.5, 0.5, 0.0","0.5, 0.5, 1.0, 0.5, 0.5","0.5, 0.0, 0.5, 0.5, 0.5","0.5, 0.0, 0.5, 0.5, 0.0","0.5, 0.5, 0.5, 0.5, 0.5","0.5, 0.0, 0.5, 0.5, 0.5","0.5, 0.0, 0.5, -0.5, 0.0","0.5, 0.0, 0.5, 0.5, 0.5",-20.789999999999964,-45.340000000000146,-81.07999999999993,-161.4399999999996
2021-10-20,"0.5, 0.5, 1.0, 0.5, 0.5","0.5, 0.0, 0.5, 0.5, 0.5","0.5, 0.0, 0.5, 0.5, 0.5","0.5, 0.5, 0.5, 0.5, 0.5","0.5, 0.5, 1.0, 0.5, 0.5","0.5, 0.5, 0.5, 0.5, 0.5","0.5, 0.0, 0.5, 0.5, 0.5","0.5, 0.0, 0.5, -0.5, 0.0","-0.5, -0.5, 0.5, -0.5, 0.0","0.5, 0.5, 0.5, 0.5, 0.5","0.5, 0.5, 1.0, 0.5, 0.5","0.5, 0.5, 0.5, 0.5, 0.5","0.5, 0.5, 0.5, 0.5, 0.5",13.590000000000146,30.289999999999964,69.19000000000051,149.0600000000004
2021-12-01,"0.5, 0.5, 1.0, 0.5, 0.5","0.5, 0.0, 0.5, 0.5, 0.5","0.5, 0.0, 0.5, 0.5, 0.5","0.5, 0.5, 0.5, 0.5, 0.5","0.5, 0.5, 1.0, 0.5, 0.5","0.5, 0.5, 1.0, 0.5, 0.5","0.5, 0.5, 0.5, 0.5, 0.5","0.5, 0.5, 1.0, 0.5, 0.5","0.5, 0.5, 0.5, 0.5, 0.5","0.5, 0.5, 0.5, 0.5, 0.5","0.5, 0.5, 1.0, 0.5, 0.5","0.5, 0.5, 0.5, 0.5, 0.5","0.5, 0.5, 0.5, 0.5, 0.5",64.0600000000004,78.63000000000011,198.98000000000047,136.1899999999996
2022-01-12,"0.5, 0.5, 0.5, 0.5, 0.5","0.5, 0.5, 0.5, 0.5, 0.5","0.5, 0.0, 0.5, 0.5, 0.0","0.5, 0.0, 0.5, 0.5, 0.5","0.5, 0.5, 1.0, 0.5, 0.5","0.5, 0.0, 0.5, 0.5, 0.5","0.5, 0.0, 0.5, 0.5, 0.5","0.5, 0.0, 0.5, 0.5, 0.5","0.5, 0.0, 0.5, -0.5, 0.0","0.5, 0.5, 1.0, 0.5, 0.5","0.5, 0.5, 0.5, 0.5, 0.5","0.5, 0.5, 0.5, 0.5, 0.5","0.5, 0.0, 0.5, 0.5, 0.5",-67.32000000000062,-149.2400000000007,-316.22000000000025,-136.97000000000025
2022-03-02,"0.5, 0.5, 0.5, 0.5, 0.5","0.5, 0.5, 0.5, 0.5, 0.5","0.5, 0.0, 0.5, 0.5, 0.5","0.5, 0.0, 0.5, 0.5, 0.5","0.5, 0.5, 0.5, 0.5, 0.5","0.5, 0.0, 0.5, 0.5, 0.5","0.5, 0.5, 0.5, 0.5, 0.5","0.5, 0.0, 0.5, -0.5, 0.5","0.5, 0.0, 0.5, 0.5, 0.5","0.5, 0.0, 0.5, 0.5, 0.5","0.5, 0.5, 0.5, 0.5, 0.5","0.5, 0.0, 0.5, 0.5, 0.0","0.5, 0.0, 0.5, 0.5, 0.5",-23.050000000000182,-185.44999999999982,-182.22999999999956,125.06999999999971
2022-04-20,"0.5, 0.0, 0.5, 0.5, 0.5","0.5, 0.0, 0.5, 0.5, 0.5","0.5, 0.5, 0.5, 0.5, 0.5","0.5, 0.0, 0.5, 0.5, 0.5","0.5, 0.0, 1.0, 0.5, 0.5","0.5, 0.5, 1.0, 0.5, 0.5","0.5, 0.5, 0.5, 0.5, 0.5","0.5, 0.0, 0.5, 0.5, 0.5","0.5, 0.0, 0.5, 0.5, 0.5","0.5, 0.5, 0.5, 0.5, 0.5","0.5, 0.5, 0.5, 0.5, 0.5","0.5, 0.5, 0.5, 0.5, 0.5","0.5, 0.0, 0.5, 0.5, 0.5",-65.78999999999996,-163.32999999999993,-327.5199999999995,-458.39999999999964
2022-06-01,"0.5, 0.0, 0.5, 0.5, 0.5","-0.5, 0.0, 0.5, -0.5, 0.5","0.5, 0.0, 0.5, 0.5, 0.5","-0.5, 0.0, -0.5, -0.5, 0.0","-0.5, -0.5, -0.5, -0.5, 0.0","0.5, 0.0, 0.5, 0.5, -0.5","0.5, 0.0, 1.0, 0.5, 0.5","-0.5, 0.0, 0.5, 0.0, 0.0","-0.5, -0.5, -0.5, -0.5, -0.5","0.5, 0.0, 0.5, 0.5, 0.5","0.5, 0.0, 0.5, 0.5, 0.5","-0.5, 0.0, 0.5, -0.5, 0.5","-0.5, -0.5, 0.5, -0.5, 0.5",75.59000000000015,20.200000000000728,-200.36999999999944,-341.3399999999997
2022-07-13,"0.5, 0.0, 0.5, 0.5, 0.0","-0.5, 0.0, 0.5, 0.5, 0.0","-0.5, 0.0, 0.5, -0.5, 0.0","-0.5, -0.5, -0.5, -0.5, -0.5","-0.5, -0.5, -0.5, -0.5, -0.5","-0.5, 0.0, 0.5, -0.5, 0.0","-0.5, 0.0, 0.5, 0.5, 0.0","-0.5, 0.0, -0.5, -0.5, 0.0","-0.5, 0.0, 0.5, -0.5, 0.5","-0.5, 0.0, 0.5, -0.5, 0.5","-0.5, -0.5, -0.5, -0.5, 0.0","-0.5, 0.0, 0.5, -0.5, 0.5","-0.5, -0.5, -0.5, -0.5, 0.0",-11.400000000000091,29.06999999999971,159.8499999999999,289.40999999999985
2022-09-07,"-0.5, 0.0, 0.5, -0.5, 0.0","0.5, 0.0, 0.5, 0.5, 0.5","-0.5, 0.0, -0.5, -0.5, 0.0","-0.5, -0.5, 0.0, -0.5, 0.0","-0.5, 0.0, 0.5, -0.5, 0.5","-0.5, 0.0, -0.5, -0.5, 0.0","0.5, 0.0, 0.5, -0.5, 0.0","-0.5, -0.5, -0.5, -0.5, 0.0","-0.5, 0.0, 0.5, -0.5, 0.0","-0.5, 0.0, 0.5, -0.5, 0.0","-0.5, 0.0, 0.5, -0.5, 0.0","-0.5, -0.5, -0.5, -0.5, 0.0","-0.5, -0.5, -0.5, -0.5, 0.0",26.309999999999945,130.53999999999996,-106.53999999999996,-332.5799999999999
2022-10-19,"-0.5, 0.0, 0.5, 0.5, 0.5","-0.5, -0.5, 0.5, -0.5, 0.0","-0.5, -0.5, 0.5, -0.5, 0.0","-0.5, 0.0, -0.5, -0.5, 0.0","-0.5, -0.5, -0.5, -0.5, 0.0","-0.5, 0.0, 0.5, -0.5, 0.0","0.5, 0.0, 0.5, 0.5, 0.5","-0.5, -0.5, -0.5, -0.5, 0.0","-0.5, 0.0, 0.5, 0.0, 0.0","-0.5, 0.0, 0.5, -0.5, 0.0","-0.5, 0.0, 0.5, 0.5, 0.0","-0.5, -0.5, -0.5, -0.5, 0.0","-0.5, -0.5, -0.5, -0.5, 0.0",-29.379999999999654,102.18000000000029,205.9000000000001,132.95000000000027
2022-11-30,"-0.5, 0.0, -0.5, -0.5, 0.0","-0.5, 0.0, 0.5, -0.5, 0.0","-0.5, 0.0, -0.5, -0.5, 0.0","-0.5, -0.5, -0.5, -0.5, -1.0","-0.5, -0.5, -0.5, -0.5, 0.0","-0.5, -0.5, -0.5, -0.5, -0.5","0.5, 0.0, 0.5, 0.5, 0.5","-0.5, -0.5, -0.5, -0.5, 0.0","-0.5, -0.5, -0.5, -0.5, 0.0","-0.5, 0.0, 0.5, -0.5, 0.0","-0.5, 0.0, 0.5, -0.5, 0.0","-0.5, 0.0, 0.5, -0.5, 0.0","-0.5, -0.5, -0.5, -0.5, 0.0",-3.5399999999999636,-81.26999999999998,-145.73000000000002,-258.49000000000024
2023-01-18,"-0.5, 0.0, 0.5, 0.5, 0.5","0.0, 0.0, 0.5, -0.5, 0.5","-0.5, -0.5, 0.5, -0.5, 0.0","-0.5, 0.0, -0.5, -0.5, 0.0","-0.5, -0.5, -0.5, -0.5, 0.0","-0.5, -0.5, -0.5, -0.5, 0.0","0.5, 0.0, 0.5, 0.5, 0.5","-0.5, -0.5, -0.5, -0.5, -0.5","-0.5, 0.0, -0.5, -0.5, 0.0","-0.5, -0.5, -0.5, -0.5, 0.0","-0.5, 0.0, 0.5, -0.5, 0.0","-0.5, 0.0, 0.5, -0.5, 0.0","-0.5, 0.0, 0.5, -0.5, 0.0",-30.01000000000022,90.94999999999982,141.69999999999982,235.13999999999987
2023-03-08,"0.5, 0.0, 0.5, 0.5, 0.5","0.5, 0.0, 0.5, 0.5, 0.0","-0.5, 0.0, 0.5, 0.5, 0.5","-0.5, -0.5, -0.5, -0.5, -0.5","-0.5, 0.0, -0.5, -0.5, 0.0","-0.5, 0.0, -0.5, -0.5, 0.0","-0.5, -0.5, 0.5, 0.5, 0.0","0.5, 0.0, 0.5, -0.5, 0.5","-0.5, 0.0, 0.5, 0.5, 0.0","-0.5, 0.0, 0.5, 0.5, 0.5","-0.5, -0.5, 0.5, -0.5, 0.0","0.0, 0.0, 0.5, 0.5, 0.0","0.5, 0.0, 0.5, -0.5, 0.5",-73.69000000000005,-136.25,-75.37000000000035,-20.740000000000236
2023-04-19,"0.5, 0.0, 0.5, 0.5, 0.5","0.5, 0.0, 0.5, -0.5, 0.0","-0.5, 0.0, 0.5, -0.5, 0.0","-0.5, -0.5, -0.5, -0.5, 0.0","-0.5, -0.5, -0.5, -0.5, 0.0","-0.5, 0.0, -0.5, -0.5, 0.0","-0.5, 0.0, 0.5, -0.5, 0.0","-0.5, 0.0, 0.5, -0.5, 0.0","-0.5, -0.5, -0.5, -0.5, 0.0","-0.5, -0.5, -0.5, -0.5, 0.0","-0.5, -0.5, -0.5, -0.5, -1.0","0.5, 0.0, 0.5, 0.5, 0.0","-0.5, 0.0, 1.0, -0.5, 0.0",-24.730000000000473,-17.480000000000473,14.959999999999127,-35.350000000000364
2023-05-31,"-0.5, 0.0, 0.5, -0.5, 0.0","-0.5, 0.0, 0.5, -0.5, 0.0","-0.5, 0.0, 0.5, -0.5, 0.0","-0.5, 0.0, 0.5, -0.5, 0.0","-0.5, -0.5, -0.5, -0.5, 0.0","-0.5, 0.0, 0.5, -0.5, 0.5","-0.5, 0.0, 0.5, 0.5, 0.5","-0.5, 0.0, -0.5, 0.0, 0.0","0.5, 0.0, 0.5, 0.5, 0.0","-0.5, 0.0, 0.5, -0.5, 0.0","-0.5, 0.0, 0.5, -0.5, 0.5","-0.5, 0.0, -0.5, -0.5, 0.0","-0.5, 0.0, 0.5, -0.5, 0.5",41.19000000000051,93.96000000000004,119.02999999999975,185.85999999999967
2023-07-12,"0.5, 0.0, 0.5, 0.5, 0.5","0.5, 0.0, 0.5, 0.5, 0.5","-0.5, -0.5, 0.5, -0.5, 0.0","-0.5, -0.5, 0.5, -0.5, 0.0","-0.5, 0.0, -0.5, -0.5, 0.0","-0.5, -0.5, -0.5, -0.5, 0.0","0.5, 0.0, 0.5, 0.5, 0.5","0.5, 0.0, 0.5, 0.5, 0.5","-0.5, -0.5, -0.5, 0.0, 0.0","-0.5, 0.0, 0.5, -0.5, 0.5","-0.5, -0.5, -0.5, -0.5, 0.0","-0.5, 0.0, 0.5, -0.5, 0.0","0.0, 0.0, 0.5, -0.5, 0.5",37.88000000000011,50.63000000000011,64.18000000000029,104.56999999999971
2023-09-06,"0.5, 0.0, 0.5, 0.5, 0.5","0.5, 0.0, 0.5, 0.5, 0.5","-0.5, 0.0, 0.5, -0.5, 0.0","-0.5, 0.0, 0.5, -0.5, 0.5","-0.5, 0.0, 0.5, -0.5, 0.0","-0.5, 0.0, 0.5, -0.5, 0.0","0.5, 0.0, 0.5, -0.5, 0.5","0.5, 0.0, 0.5, 0.5, 0.0","0.0, 0.0, 0.5, -0.5, 0.0","0.0, 0.0, 0.5, 0.5, 0.5","0.5, 0.0, 0.5, 0.5, 0.5","-0.5, 0.0, 0.5, -0.5, 0.0","0.0, 0.0, 0.5, -0.5, 0.5",-14.339999999999236,21.980000000000473,-15.159999999999854,-191.94999999999982
2023-10-18,"-0.5, -0.5, -0.5, -0.5, 0.0","0.5, 0.0, 0.5, 0.5, 0.0","-0.5, 0.0, 0.5, -0.5, 0.0","-0.5, -0.5, -0.5, -0.5, 0.0","-0.5, 0.0, 0.0, -0.5, 0.0","-0.5, 0.0, -0.5, -0.5, 0.0","-0.5, 0.0, 0.5, 0.5, 0.5","-0.5, -0.5, 0.5, -0.5, 0.0","-0.5, -0.5, -0.5, 0.0, 0.0","-0.5, -0.5, -0.5, -0.5, -0.5","-0.5, 0.0, 0.5, -0.5, 0.0","-0.5, 0.0, 0.5, -0.5, 0.0","-0.5, 0.0, 0.5, -0.5, 0.0",-36.600000000000364,-97.5600000000004,-197.23000000000047,63.779999999999745
2023-11-29,"-0.5, 0.0, -0.5, -0.5, 0.0","-0.5, -0.5, -0.5, -0.5, 0.0","-0.5, 0.0, 0.5, -0.5, 0.0","-0.5, -0.5, -0.5, -0.5, 0.0","-0.5, -0.5, -0.5, -0.5, 0.0","-0.5, 0.0, -0.5, -0.5, 0.0","-0.5, 0.0, 0.5, -0.5, 0.0","-0.5, -0.5, -0.5, -0.5, 0.0","-0.5, -0.5, -0.5, -0.5, 0.0","0.5, 0.0, 0.5, 0.5, -0.5","-0.5, -0.5, -0.5, -0.5, 0.0","-0.5, -0.5, -0.5, -0.5, 0.0","-0.5, -0.5, -0.5, -0.5, 0.0",17.220000000000255,19.199999999999818,53.789999999999964,217.78999999999996
